"Aberdeenshire","GB","AB"
"Abu Dhabi","AE","1"
"Acre","BR","AC"
"Adana","TR","1"
"Adiyaman","TR","2"
"Afyon","TR","3"
"Agri","TR","4"
"Agrigento","IT","AG"
"Aguascalientes","MX","AGS"
"Ahuachapan","SV","1"
"Ahvenanmaa","FI","1"
"Aichi","JP","23"
"Ain","FR","1"
"Aisne","FR","2"
"Aitolia kai Akarnan","GR","1"
"Ajdovscina","SI","1"
"Ajman","AE","2"
"Akershus Fylke","NO","2"
"Akhaia","GR","2"
"Akita","JP","5"
"Akmolinskaia","KZ","4"
"Aksaray","TR","68"
"Aktubinskaia","KZ","5"
"Al Sharqia","EG","23"
"Alabama","US","AL"
"Alagoas","BR","AL"
"Alajuela","CR","AL"
"Alaska","US","AK"
"Álava","ES","1"
"Alba","RO","1"
"Albacete","ES","2"
"Alberta","CA","AB"
"Alentejo Central","PT","42"
"Alentejo Litoral","PT","40"
"Alessandria","IT","AL"
"Alexandria","EG","1"
"Algarve","PT","50"
"Alicante","ES","3"
"Allier","FR","3"
"Almatynskaia","KZ","0"
"Almería","ES","4"
"Alpes (Alta provenz)","FR","4"
"Alpes (Altos)","FR","5"
"Alpes marítimos","FR","6"
"Alta Austria","AT","OOE"
"Alta Verapaz","GT","1"
"Alto Alentejo","PT","41"
"Alto Paraguay","PY","17"
"Alto Paraná","PY","11"
"Alto Trás-os-Montes","PT","17"
"Amambay","PY","14"
"Amapá","BR","AP"
"Amasya","TR","5"
"Amazonas","BR","AM"
"Ambato","EC","23"
"Amberes","BE","1"
"Amnat Charoen","TH","1"
"Ancash","PE","5"
"Ancona","IT","AN"
"Andaman y Nico.In.","IN","26"
"Andra Pradesh","IN","1"
"Ang Thong","TH","2"
"Anglesey","GB","AL"
"Angus/Forfanshire","GB","AN"
"Anhui","CN","110"
"Ankara","TR","6"
"Antalya","TR","7"
"ANTIOQUIA","CO","5"
"Antrim","GB","AT"
"Anzoategui","VE","ANZ"
"Aomori","JP","2"
"Aosta","IT","AO"
"Apure","VE","APU"
"Apurimac","PE","19"
"Arad","RO","2"
"Aragua","VE","ARA"
"ARAUCA","CO","81"
"Ardahan","TR","75"
"Ardèche","FR","7"
"Área autonom.judía","RU","79"
"Área de Amur","RU","28"
"Área de Arkhangelsk","RU","29"
"Área de Astracán","RU","30"
"Área de Belgorod","RU","31"
"Área de Bryansk","RU","32"
"Área de Chelíabinsk","RU","74"
"Área de Chitá","RU","75"
"Área de Irkutsk","RU","38"
"Área de Ivánovo","RU","37"
"Área de Kaliningrado","RU","39"
"Área de Kaluga","RU","40"
"Área de Kamchatka","RU","41"
"Área de Kemerovo","RU","42"
"Área de Kírov","RU","43"
"Área de Kostromá","RU","44"
"Área de Kurgán","RU","45"
"Área de Kursk","RU","46"
"Área de Leningrado","RU","47"
"Área de Lípetsk","RU","48"
"Área de Magadán","RU","49"
"Área de Moscú","RU","50"
"Área de Múrmansk","RU","51"
"Área de Nóvgorod","RU","53"
"Área de Novosibirsk","RU","54"
"Área de Omsk","RU","55"
"Área de Orenburg","RU","56"
"Área de Oriol","RU","57"
"Área de Penza","RU","58"
"Área de Perm","RU","59"
"Área de Pskov","RU","60"
"Área de Riazán","RU","62"
"Área de Sakhalin","RU","65"
"Área de Samara","RU","63"
"Área de Sarátov","RU","64"
"Área de Simbirsk","RU","73"
"Área de Smolensk","RU","67"
"Área de Sverdlovsk","RU","66"
"Área de Tambov","RU","68"
"Área de Tomsk","RU","70"
"Área de Tula","RU","71"
"Área de Tver","RU","69"
"Área de Tyumen","RU","72"
"Área de Vladímir","RU","33"
"Área de Volgogrado","RU","34"
"Área de Vologda","RU","35"
"Área de Vorónezh","RU","36"
"Área de Yaroslavl","RU","76"
"Área Rostov del Don","RU","61"
"Arequipa","PE","8"
"Arezzo","IT","AR"
"Arges","RO","3"
"Argolis","GR","3"
"Argovia","CH","AG"
"Argyllshire","GB","AG"
"Ariège","FR","9"
"Arizona","US","AZ"
"Arkadhia","GR","4"
"Arkansas","US","AR"
"Armagh","GB","AM"
"Arta","GR","5"
"Artigas","UY","1"
"Artvin","TR","8"
"Arunachal Pradesh","IN","2"
"Ascoli Piceno","IT","AP"
"Assam","IN","3"
"Asti","IT","AT"
"Asturias","ES","33"
"Aswan","EG","2"
"Asyut","EG","3"
"ATLÁNTICO","CO","8"
"Atlántida","HN","1"
"Attiki","GR","6"
"Atyrauskaia","KZ","6"
"Aube","FR","10"
"Auckland","NZ","AKL"
"Aude","FR","11"
"Ausser-Rhoden","CH","AR"
"Aust Capital Terr","AU","ACT"
"Aust-Agder Fylke","NO","9"
"Australia Meridional","AU","SA"
"Autralia Occidental","AU","WA"
"Ave","PT","12"
"Avellino","IT","AV"
"Aveyron","FR","12"
"Ávila","ES","5"
"Ayacucho","PE","18"
"Aydin","TR","9"
"Ayrshire","GB","AY"
"Azogues","EC","3"
"Azua","DO","2"
"Babahoyo","EC","13"
"Bacau","RO","4"
"Bacs-Kiskun","HU","1"
"Badajoz","ES","6"
"Baden-Wurtemberg","DE","8"
"Bahía","BR","BA"
"Bailiwick of Jersey","JE","3"
"Baixo Alentejo","PT","43"
"Baixo Mondego","PT","21"
"Baixo Vouga","PT","20"
"Baja Austria","AT","NOE"
"Baja California","MX","BC"
"Baja California S","MX","BCS"
"Baja Sajonia","DE","3"
"Baja Verapaz","GT","2"
"Baleares","ES","7"
"Balikesir","TR","10"
"Baoruco o (Bahoruco)","DO","3"
"Barahona","DO","4"
"Baranya","HU","2"
"Barber","CW","BBR"
"Barcelona","ES","8"
"Bari","IT","BA"
"Barinas","VE","BAR"
"Bartin","TR","74"
"Basilea ciudad","CH","BS"
"Basilea provincia","CH","BL"
"Bath&NthEstSomerset","GB","BS"
"Batman","TR","72"
"Baviera","DE","9"
"Bay of Plenty","NZ","BOP"
"Bayburt","TR","69"
"Bedfordshire","GB","BE"
"Beheira","EG","4"
"Beijing (Pekín)","CN","10"
"Beira Interior Norte","PT","27"
"Beira Interior Sul","PT","28"
"Bekes","HU","3"
"Bekescsaba","HU","4"
"Belluno","IT","BL"
"Benevento","IT","BN"
"Bengala oeste","IN","25"
"Beni","BO","BB"
"Beni Suef","EG","5"
"Bergamo","IT","BG"
"Berkshire","GB","BK"
"Berlín","DE","11"
"Berna","CH","BE"
"Berwickshire","GB","BW"
"Bicol","PH","5"
"Biella","IT","BI"
"Bihar","IN","4"
"Bihor","RO","5"
"Bilecik","TR","11"
"Bingöl","TR","12"
"Bistrita-Nasaud","RO","6"
"Bitlis","TR","13"
"Bjelovarsko-bilogors","HR","G00"
"Blekinge Län","SE","1"
"BOGOTÁ","CO","11"
"Bolívar","CO","13"
"Bolonia","IT","BO"
"Bolu","TR","14"
"Bolzano","IT","BZ"
"Boquerón","PY","18"
"Borsod-Abauj-Zemplen","HU","5"
"Botosani","RO","7"
"Bouches-du-Rhône","FR","13"
"BOYACA","CO","15"
"Brabante (flamenco)","BE","2"
"Brabante (valón)","BE","10"
"Bracknell Forest","GB","BF"
"Braila","RO","8"
"Brandenburgo","DE","12"
"Brasília","BR","DF"
"Brasov","RO","9"
"Bratislava","SK","1"
"Brecknockshire","GB","BR"
"Bremen","DE","4"
"Brescia","IT","BS"
"Brezice","SI","2"
"Brindisi","IT","BR"
"Bruselas (capital)","BE","11"
"Buckinghamshire","GB","BU"
"Bucuresti","RO","10"
"Budapest","HU","6"
"Buenos Aires","AR","1"
"Burdur","TR","15"
"Burgas","BG","1"
"Burgenland","AT","B"
"Burgos","ES","9"
"Buriram","TH","3"
"Bursa","TR","16"
"Buskerud Fylke","NO","6"
"Buteshire","GB","BT"
"Buzau","RO","11"
"c.St-Peterburg","RU","78"
"Caaguazú","PY","6"
"Caazapá","PY","7"
"Cabañas","SV","2"
"Cáceres","ES","10"
"Cádiz","ES","11"
"Caernarfonshire","GB","CF"
"Cagayan Valley","PH","2"
"Cagliari","IT","CA"
"Cairo","EG","6"
"Caithness","GB","CT"
"Cajamarca","PE","12"
"Calarasi","RO","12"
"CALDAS","CO","17"
"California","US","CA"
"Caltanisetta","IT","CL"
"Calvados","FR","14"
"Cambridgeshire","GB","CA"
"Campeche","MX","CMP"
"Campobasso","IT","CB"
"Canakkale","TR","17"
"Canal de Moscú","RU","77"
"Canelones","UY","2"
"Canindeyú","PY","15"
"Cankiri","TR","18"
"Cantabria","ES","39"
"Cantal","FR","15"
"Canterbury","NZ","CAN"
"Cantón de Grisones","CH","GR"
"Capital Federal","AR","0"
"CAQUETA","CO","18"
"Carabobo","VE","CAR"
"Caras-Severin","RO","13"
"Carbonia-Iglesias","IT","CI"
"Cardiganshire","GB","CD"
"Carintia","AT","K"
"Carlow","IE","CW"
"Carmarthenshire","GB","CB"
"Carolina del Norte","US","NC"
"Carolina del Sur","US","SC"
"Cartago","CR","CA"
"CASANARE","CO","85"
"Caserta","IT","CE"
"Castellón","ES","12"
"Catamarca","AR","2"
"Catania","IT","CT"
"Catanzaro","IT","CZ"
"CAUCA","CO","19"
"Cávado","PT","11"
"Cavan","IE","CV"
"Ceará","BR","CE"
"Celje","SI","3"
"Central","IL","1"
"Central Luzon","PH","3"
"Cerknica","SI","4"
"Cerro Largo","UY","3"
"CESAR","CO","20"
"Chachoengsao","TH","4"
"Chaco","AR","16"
"Chagang Province","KP","4"
"Chai Nat","TH","5"
"Chaiyaphum","TH","6"
"Chalatenango","SV","3"
"Chandigarh","IN","27"
"Chanthaburi","TH","7"
"Charente","FR","16"
"Charente-Maritime","FR","17"
"Cheju-do","KR","1"
"Cher","FR","18"
"Cherkas'ka","UA","CHR"
"Chernigivs'ka","UA","CHG"
"Chernovits'ka","UA","CHV"
"Cheshire","GB","CH"
"Chhaattisgarh","IN","33"
"Chiang Mai","TH","8"
"Chiang Rai","TH","9"
"Chiapas","MX","CHS"
"Chiba","JP","12"
"Chieti","IT","CH"
"Chihuahua","MX","CHI"
"Chimaltenango","GT","3"
"Chiquimula","GT","4"
"CHOCO","CO","27"
"Cholla-bukto","KR","2"
"Cholla-namdo","KR","3"
"Choluteca","HN","2"
"Chon Buri","TH","10"
"Chong Qing","CN","320"
"Chubut","AR","17"
"Chumphon","TH","11"
"Chuquisaca","BO","BH"
"Ch´ungch´ong-bukto","KR","4"
"Ch´ungch´ong-namdo","KR","5"
"Ciudad de México","MX","DF"
"CIUDAD DE PANAMA","PA","CP"
"Ciudad Real","ES","13"
"Clackmannanshire","GB","CN"
"Clara","IE","CL"
"Clarendon","JM","CL"
"Cluj","RO","14"
"Cntrl Mindanao","PH","11"
"Cntrl Visayas","PH","7"
"Coahuila","MX","COA"
"Cochabamba","BO","BC"
"Cojedes","VE","COJ"
"Colima","MX","COL"
"Colón","HN","3"
"Colonia","UY","4"
"Colorado","US","CO"
"Columbia británica","CA","BC"
"Comayagua","HN","4"
"Como","IT","CO"
"Concepción","PY","2"
"Connecticut","US","CT"
"Constanta","RO","15"
"Copán","HN","5"
"Cordillera","PY","4"
"Córdoba","AR","3"
"Cork","IE","CK"
"Cornualles","GB","CO"
"Corrèze","FR","19"
"Corrientes","AR","4"
"Corse-du-Nord","FR","2B"
"Corse-du-Sud","FR","2A"
"Cortés","HN","6"
"Corum","TR","19"
"Cosenza","IT","CS"
"Côte-d'Or","FR","21"
"Côtes-d'Armor","FR","22"
"Cova da Beira","PT","29"
"Covasna","RO","16"
"Cremona","IT","CR"
"Creuse","FR","23"
"Crnomelj","SI","5"
"Cromartyshire","GB","CM"
"Crotone","IT","KR"
"Csongrad","HU","7"
"Cuenca","EC","1"
"Cumberland","GB","CU"
"CUNDINAMARCA","CO","25"
"Cuneo","IT","CN"
"Cuscatlan","SV","4"
"Cuzco","PE","20"
"D.O.M.-T.O.M.","FR","97"
"Dadra y Nagar Hav.","IN","28"
"Dajabón","DO","5"
"Dakahlia","EG","7"
"Dakota del Norte","US","ND"
"Dakota del Sur","US","SD"
"Dalarnas Län","SE","2"
"Daman y Diu","IN","29"
"Damietta","EG","8"
"Dão-Lafoes","PT","25"
"Daugavpils","LV","1"
"Debrecen","HU","8"
"Delaware","US","DE"
"Delhi","IN","30"
"Delta Amacuro","VE","DA"
"Denbighshire","GB","DD"
"Denizli","TR","20"
"Derbyshire","GB","DB"
"Devon","GB","DV"
"Dhodhekanisos","GR","7"
"Dhrama","GR","8"
"Di.aut.Aginsk Buryat","RU","80"
"Di.aut.Komy Permjats","RU","81"
"Dimbovita","RO","17"
"Dis.Chanti-Mansyjsky","RU","86"
"Dis.Jamalo-Nenekchky","RU","89"
"Distr.aut.Nenekchky","RU","83"
"Distr.auton.Chukotka","RU","87"
"Distr.auton.Evensky","RU","88"
"Distr.auton.Korjacs","RU","82"
"Distr.auton.Taymir","RU","84"
"Distrito Capital","PY","1"
"Distrito de Columbia","US","DC"
"Distrito Federal","VE","DF"
"Distrito Nacional","DO","1"
"Diyarbakir","TR","21"
"Dnipropetrovs'ka","UA","DNP"
"Dolj","RO","18"
"Dolnoslaskie","PL","DSL"
"Donegal","IE","DG"
"Donets'ka","UA","DON"
"Dordogne","FR","24"
"Dorp Soto","CW","DRS"
"Dorset","GB","DO"
"Doubs","FR","25"
"Douro","PT","16"
"Down","GB","DN"
"Dravograd","SI","6"
"Drenthe","NL","1"
"Drôme","FR","26"
"Duarte","DO","6"
"Dubai","AE","3"
"Dublín","IE","DB"
"Dubrovacko-neretvans","HR","T00"
"Dumfriesshire","GB","DF"
"Dunaujvaros","HU","9"
"Dunbartonshire","GB","DT"
"Durango","MX","DGO"
"Durazno","UY","5"
"Durham","GB","DU"
"East Lothian","GB","EL"
"East Sussex","GB","SE"
"East Visayas","PH","8"
"Eastern Cape","ZA","EC"
"Edirne","TR","22"
"Eger","HU","10"
"Ehime","JP","38"
"El Paraíso","HN","7"
"El Progreso","GT","5"
"El Sarre","DE","10"
"El Seibo (o El Seybo","DO","7"
"Elazig","TR","23"
"Elías Piña","DO","8"
"Enna","IT","EN"
"Entre Douro e Vouga","PT","15"
"Entre Rios","AR","5"
"Erzincan","TR","24"
"Erzurum","TR","25"
"Escuintla","GT","6"
"Eskisehir","TR","26"
"Esmeraldas","EC","8"
"Esmirna","TR","35"
"Espaillat","DO","9"
"Espírito Santo","BR","ES"
"Essex","GB","ES"
"Essonne","FR","91"
"Estado de México","MX","MEX"
"Estanbul","TR","34"
"Estiria","AT","ST"
"Etelä-Suomi","FI","2"
"Eure","FR","27"
"Eure-et-Loir","FR","28"
"Evritania","GR","9"
"Evros","GR","10"
"Evvoia","GR","11"
"Faiyum","EG","9"
"Falcon","VE","FAL"
"Fejer","HU","11"
"Fermanagh","GB","FM"
"Ferrara","IT","FE"
"Fife","GB","FI"
"Finistère","FR","29"
"Finnmark Fylke","NO","20"
"Fiume","IT","FU"
"Flevoland","NL","2"
"Flintshire","GB","FL"
"Florencia","IT","FI"
"Flores","UY","6"
"Florida","US","FL"
"Florina","GR","12"
"Foggia","IT","FG"
"Fokis","GR","13"
"Forli/Cesana","IT","FC"
"Formosa","AR","18"
"Francisco Morazán","HN","8"
"Friburgo","CH","FR"
"Frisia","NL","3"
"Fthiotis","GR","14"
"Fu-chien","TW","FJN"
"Fujairah","AE","4"
"Fujian","CN","150"
"Fukui","JP","18"
"Fukuoka","JP","40"
"Fukushima","JP","7"
"Galati","RO","19"
"Galway","IE","GW"
"Gambilskaia","KZ","11"
"Gansu","CN","260"
"Gard","FR","30"
"Garona (Alta)","FR","31"
"Gävleborgs Län","SE","4"
"Gaziantep","TR","27"
"Gelderland","NL","4"
"Génova","IT","GE"
"Georgia","US","GA"
"Gerona","ES","17"
"Gers","FR","32"
"Gharbia","EG","10"
"Gifu","JP","21"
"Ginebra","CH","GE"
"Giresun","TR","28"
"Gironde","FR","33"
"Giurgiu","RO","21"
"Giza","EG","11"
"Glaris","CH","GL"
"Gloucestershire","GB","GL"
"Goa","IN","5"
"Goiás","BR","GO"
"Gorizia","IT","GO"
"Gorj","RO","20"
"Gornja Radgona","SI","7"
"Gotlands Län","SE","3"
"Gracias a Dios","HN","9"
"Grad Sofiya","BG","2"
"Granada","ES","18"
"Grande Lisboa","PT","31"
"Grande Porto","PT","13"
"Grevena","GR","15"
"Groningen","NL","5"
"Grosseto","IT","GR"
"Grosuplje","SI","8"
"Grouville","JE","1"
"Guadalajara","ES","19"
"Guadalupe","FR","971"
"GUAINIA","CO","94"
"Guairá","PY","5"
"Guam","US","GU"
"Guanacaste","CR","GU"
"Guanajuato","MX","GTO"
"Guangdong","CN","190"
"Guangxi","CN","210"
"Guaranda","EC","2"
"Guarico","VE","GUA"
"Guatemala","GT","7"
"GUAVIARE","CO","95"
"Guayaquil","EC","10"
"Guerrero","MX","GRO"
"Guipúzcoa","ES","20"
"Guizhou","CN","220"
"Gujarat","IN","6"
"Gümüshane","TR","29"
"Gunma","JP","10"
"Guyana","FR","973"
"Gyor","HU","12"
"Gyor-Moson-Sopron","HU","13"
"Haifa","IL","2"
"Hainan","CN","200"
"Hainaut","BE","3"
"Hajdu-Bihar","HU","14"
"Hakkari","TR","30"
"Hallands Län","SE","5"
"Hamburgo","DE","2"
"Hampshire","GB","HA"
"Hanover","JM","HN"
"Harghita","RO","22"
"Harkivs'ka","UA","HAR"
"Haryana","IN","7"
"Hatay","TR","31"
"Hato Mayor","DO","10"
"Hauts-de-Seine","FR","92"
"Hawai","US","HI"
"Hawke´s Bay","NZ","HAB"
"Hebei","CN","60"
"Hedmark Fylke","NO","4"
"Heilongjiang","CN","90"
"Henan","CN","180"
"Hérault","FR","34"
"Heredia","CR","HE"
"Hereford y Worcester","GB","HW"
"Hermanas Mirabal","DO","11"
"Hersons'ka","UA","HRS"
"Hertfordshire","GB","HT"
"Hesse","DE","6"
"Heves","HU","15"
"Hidalgo","MX","HGO"
"Himachal Pradesh","IN","8"
"Hiroshima","JP","34"
"Hmel'nits'ka","UA","HML"
"Hodmezovasarhely","HU","16"
"Hokkaido","JP","1"
"Hordaland Fylke","NO","12"
"Hors-France","FR","99"
"Hovedstaden","DK","1"
"Hrastnik Lasko","SI","9"
"Huancavelica","PE","17"
"Huánuco","PE","14"
"Hubei","CN","170"
"Huehuetenango","GT","8"
"Huelva","ES","21"
"Huesca","ES","22"
"HUILA","CO","41"
"Hunan","CN","160"
"Hunedoara","RO","23"
"Huntingdonshire","GB","HU"
"Hyogo","JP","28"
"I - Iquique","CL","1"
"Ialomita","RO","24"
"Iasi","RO","25"
"Ibaraki","JP","8"
"Ibarra","EC","11"
"Ica","PE","7"
"Icel","TR","33"
"Idaho","US","ID"
"Idrija","SI","10"
"Igdir","TR","76"
"II - Antofagasta","CL","2"
"III - Copiapo","CL","3"
"Ilia","GR","16"
"Ilirska Bistrica","SI","11"
"Ille-et-Vilaine","FR","35"
"Illinois","US","IL"
"Ilocos","PH","1"
"Imathia","GR","17"
"Imperia","IT","IM"
"Inch´on-jikhalsi","KR","6"
"Independencia","DO","12"
"Indiana","US","IN"
"Indre","FR","36"
"Indre-et-Loire","FR","37"
"Inner-Rhoden","CH","AI"
"Intibucá","HN","10"
"Invernesshire","GB","IN"
"Ioannina","GR","18"
"Iowa","US","IA"
"Iraklion","GR","19"
"Isère","FR","38"
"Isernia","IT","IS"
"Ishikawa","JP","17"
"Isl.Príncipe Eduardo","CA","PE"
"Isla de Wight","GB","IW"
"Islas de la Bahía","HN","11"
"Islas Mariana Norte","US","MP"
"Islas Vírgenes","US","VI"
"Islas Vírgenes GB","VG","VG"
"Ismailia","EG","12"
"Isparta","TR","32"
"Istarska","HR","S00"
"Itä-Suomi","FI","3"
"Itapúa","PY","8"
"IV - La Serena","CL","4"
"Ivano-Frankivs'ka","UA","IVF"
"Iwate","JP","3"
"IX - Temuco","CL","9"
"Izabal","GT","9"
"Izola","SI","12"
"J#kabpils","LV","2"
"J#rmala","LV","4"
"Jaén","ES","23"
"Jalapa","GT","10"
"Jalisco","MX","JAL"
"Jammu y Cachemira","IN","9"
"Jämtlands Län","SE","6"
"Jasz-Nagykun-Szolnok","HU","17"
"Jelgava","LV","3"
"Jerser","JE","JE"
"Jersey","GB","JE"
"Jerusalén","IL","3"
"Jesenice","SI","13"
"Jharkhand","IN","34"
"Jiangsu","CN","100"
"Jiangxi","CN","140"
"Jihocesky","CZ","31"
"Jihomoravsky","CZ","62"
"Jilin","CN","80"
"Jönköpings Län","SE","7"
"Jujuy","AR","6"
"Junín","PE","16"
"Jura","CH","JU"
"Jutiapa","GT","11"
"K.Marash","TR","46"
"Kafr el-Sheikh","EG","13"
"Kagawa","JP","37"
"Kagoshima","JP","46"
"Kalasin","TH","12"
"Kalmar Län","SE","8"
"Kamnik","SI","14"
"Kamphaeng Phet","TH","13"
"Kanagawa","JP","14"
"Kanchanaburi","TH","14"
"Kangwon Province","KP","7"
"Kangwon-do","KR","7"
"Kansas","US","KS"
"Kao-hsiung","TW","KSH"
"Kaposvar","HU","18"
"Karachievo-Cherkesia","RU","9"
"Karagandinskaia","KZ","9"
"Karaman","TR","70"
"Kardhitsa","GR","20"
"Karlovacka ","HR","D00"
"Karlovarsky","CZ","41"
"Karnataka","IN","10"
"Kars","TR","36"
"Kastamonu","TR","37"
"Kastoria","GR","21"
"Kavala","GR","22"
"Kayseri","TR","38"
"Kecskemet","HU","19"
"Kefallinia","GR","23"
"Kent","GB","KE"
"Kentucky","US","KY"
"Kerala","IN","11"
"Kerkira","GR","24"
"Kerry","IE","KY"
"Khalkidhiki","GR","25"
"Khania","GR","26"
"Khaskovo","BG","3"
"Khios","GR","27"
"Khon Kaen","TH","15"
"Kievs'ka","UA","KIE"
"Kikladhes","GR","28"
"Kildare","IE","KD"
"Kilkenny","IE","KK"
"Kilkis","GR","29"
"Kincardineshire","GB","KI"
"KINGSTON","JM","KG"
"Kinross-shire","GB","KN"
"Kioto","JP","26"
"Kirikkale","TR","71"
"Kirkcudbrightshire","GB","KK"
"Kirklareli","TR","39"
"Kirovograds'ka","UA","KIR"
"Kirshehir","TR","40"
"Kocaeli","TR","41"
"Kocevje","SI","15"
"Kochi","JP","39"
"Komarom-Esztergom","HU","20"
"Konya","TR","42"
"Koper","SI","16"
"Koprivnicko-krizevac","HR","F00"
"Korinthia","GR","30"
"Kostanaiskaia","KZ","1"
"Kozani","GR","31"
"Krabi","TH","16"
"Kralovehradecky","CZ","52"
"Kranj","SI","17"
"Krapinsko-zagorska","HR","B00"
"Kronobergs Län","SE","9"
"Krsko","SI","18"
"Krung Thep","TH","17"
"Kujawsko-Pomorskie","PL","K-P"
"Kumamoto","JP","43"
"Kütahya","TR","43"
"Kwangju-jikhalsi","KR","8"
"Kyonggi-do","KR","9"
"Kyongsang-bukto","KR","10"
"Kyongsang-namdo","KR","11"
"Kyzilordinskaia","KZ","12"
"L'Aquila","IT","AQ"
"L'vivsbka","UA","L'V"
"La Altagracia","DO","13"
"La Coruña","ES","15"
"LA GUAJIRA","CO","44"
"La Libertad","PE","4"
"La Pampa","AR","21"
"La Paz","BO","BL"
"La Rioja","AR","8"
"La Romana","DO","14"
"La Spezia","IT","SP"
"La Union","SV","7"
"La Vega","DO","15"
"Lakonia","GR","32"
"Lakshadweep","IN","31"
"Lambayeque","PE","3"
"Lampang","TH","19"
"Lamphun","TH","20"
"Lanarkshire","GB","LN"
"Lancashire","GB","LA"
"Landes","FR","40"
"Länsi-Suomi","FI","5"
"Laois","IE","LS"
"Lappi","FI","4"
"Lara","VE","LAR"
"Larisa","GR","33"
"Las Ardenas","FR","8"
"Las Palmas","ES","35"
"Lasithi","GR","34"
"Latacunga","EC","6"
"Latina","IT","LT"
"Lavalleja","UY","8"
"Lecce","IT","LE"
"Leicestershire","GB","LE"
"Leitrim","IE","LM"
"Lempira","HN","13"
"Lenart","SI","19"
"Lendava","SI","20"
"León","ES","24"
"Lérida","ES","25"
"Lesvos","GR","35"
"Levkas","GR","36"
"Lezíria do Tejo","PT","34"
"Liaoning","CN","70"
"Liberecky","CZ","51"
"Licko-senjska ","HR","I00"
"Lieja","BE","4"
"Liep#ja","LV","5"
"Lima y Callao","PE","6"
"Limburgo","BE","5"
"Limerick","IE","LI"
"Limon","CR","LI"
"Lincolnshire","GB","LI"
"Litija","SI","21"
"Livorno","IT","LI"
"Ljubljana-Bezigrad","SI","22"
"Ljubljana-Center","SI","23"
"Ljubljana-Moste-Polj","SI","24"
"Ljubljana-Siska","SI","25"
"Ljubljana-Vic-Rudnik","SI","26"
"Ljutomer","SI","27"
"Lodi","IT","LO"
"Lódzkie","PL","LDZ"
"Loei","TH","21"
"Logatec","SI","28"
"Loir-et-Cher","FR","41"
"Loire","FR","42"
"Loire (Haute)","FR","43"
"Loire-Atlantique","FR","44"
"Loiret","FR","45"
"Loja","EC","12"
"Londonderry","GB","LD"
"Longford","IE","LF"
"Lop Buri","TH","22"
"Loreto","PE","22"
"Lot","FR","46"
"Lot-et-Garonne","FR","47"
"Louisiana","US","LA"
"Louth","IE","LT"
"Lovech","BG","4"
"Lozère","FR","48"
"Lubelskie","PL","LBL"
"Lubuskie","PL","LBS"
"Lucca","IT","LC"
"Lucerna","CH","LU"
"Lugans'ka","UA","LUG"
"Lugo","ES","27"
"Luxemburgo","BE","6"
"Luxor","EG","27"
"m.Kiev","UA","M_K"
"m.Sevastopil'","UA","M_S"
"Macas","EC","15"
"Macerata","IT","MC"
"Machala","EC","7"
"Madhya Pradesh","IN","12"
"Madre de Díos","PE","24"
"Madrid","ES","28"
"Mae Hong Son","TH","23"
"MAGDALENA","CO","47"
"Magnisia","GR","37"
"Maha Sarakham","TH","24"
"Mahanakhon","TH","18"
"Maharashtra","IN","13"
"Maine","US","ME"
"Maine-et-Loire","FR","49"
"Málaga","ES","29"
"Malatya","TR","44"
"Maldonado","UY","9"
"Malopolskie","PL","MAL"
"Manawatu-Wanganui","NZ","MAN"
"Manche","FR","50"
"Manchester","JM","MN"
"Mangystayskaia","KZ","8"
"Manipur","IN","14"
"Manisa","TR","45"
"Manitoba","CA","MB"
"Mantova","IT","MN"
"Maramures","RO","26"
"Maranhão","BR","MA"
"Mardin","TR","47"
"María Trinidad Sánch","DO","16"
"Maribor","SI","29"
"Marne","FR","51"
"Marne (Haute)","FR","52"
"Martinica","FR","972"
"Maryland","US","MD"
"Massa Carrara","IT","MS"
"Massachusetts","US","MA"
"Matera","IT","MT"
"Mato Grosso","BR","MT"
"Mato Grosso do Sul","BR","MS"
"Matruh","EG","14"
"Mayenne","FR","53"
"Mayo","IE","MY"
"Mazowieckie","PL","MAZ"
"Meath","IE","MT"
"Meclenburgo-Pomeran.","DE","13"
"Medio Campidano","IT","VS"
"Médio Tejo","PT","33"
"Medjimurska","HR","U00"
"Megalaya","IN","15"
"Mehedinti","RO","27"
"Mendoza","AR","7"
"Merida","VE","MER"
"Merioneth","GB","ME"
"Messina","IT","ME"
"Messinia","GR","38"
"META","CO","50"
"Metlika","SI","30"
"Meurthe-et-Moselle","FR","54"
"Meuse","FR","55"
"Michigan","US","MI"
"Michoacán","MX","MCH"
"Mid Glamorgan","GB","MG"
"Middlesex","GB","MX"
"Midlothian","GB","MD"
"Midtjylland","DK","2"
"Mie","JP","24"
"Mikolaivs'ka","UA","MIK"
"Milán","IT","MI"
"Minas Gerais","BR","MG"
"Minho-Lima","PT","10"
"Minnesota","US","MN"
"Minya","EG","15"
"Miranda","VE","MIR"
"Misiones","AR","19"
"Miskolc","HU","21"
"Mississippi","US","MS"
"Missouri","US","MO"
"Miyagi","JP","4"
"Miyazaki","JP","45"
"Mizoram","IN","16"
"Módena","IT","MO"
"Monagas","VE","MON"
"Monaghan","IE","MH"
"Monmouthshire","GB","MM"
"Monseñor Nouel","DO","17"
"Montana","BG","5"
"Monte Cristi","DO","18"
"Monte Plata","DO","19"
"Montevideo","UY","10"
"Montgomeryshire","GB","MT"
"Monufia","EG","16"
"Monza y Brianza","IT","MB"
"Moquegua","PE","9"
"Moravskoslezsky","CZ","81"
"Morayshire","GB","MR"
"Morazan","SV","8"
"Morbihan","FR","56"
"Morelos","MX","MOR"
"Moselle","FR","57"
"Mozirje","SI","31"
"Mugla","TR","48"
"Mukdahan","TH","25"
"Murcia","ES","30"
"Mures","RO","28"
"Murska Sobota","SI","32"
"Mush","TR","49"
"Møre og Romsdal F.","NO","15"
"Nagaland","IN","17"
"Nagano","JP","20"
"Nagasaki","JP","42"
"Nagykanizsa","HU","22"
"Nairnshire","GB","NR"
"Nakhon Nayok","TH","26"
"Nakhon Pathom","TH","27"
"Nakhon Phanom","TH","28"
"Nakhon Ratchasima","TH","29"
"Nakhon Sawan","TH","30"
"Nakhon Si Thammarat","TH","31"
"Nampo special city","KP","12"
"Namur","BE","7"
"Nan","TH","32"
"Nápoles","IT","NA"
"Nara","JP","29"
"Narathiwat","TH","33"
"NARIÑO","CO","52"
"Navarra","ES","31"
"Nayarit","MX","NAY"
"Neamt","RO","29"
"Nebraska","US","NE"
"Ñeembucú","PY","13"
"Nei Mongol","CN","40"
"Neuchatel","CH","NE"
"Neuquen","AR","20"
"Nevada","US","NV"
"Nevshehir","TR","50"
"New Brunswick","CA","NB"
"New Hampshire","US","NH"
"New Valley","EG","17"
"Newport","CW","NWP"
"Nidwalden","CH","NW"
"Nièvre","FR","58"
"Nigde","TR","51"
"Niigata","JP","15"
"Ningxia","CN","270"
"Nizni Nóvgorod","RU","52"
"Nograd","HU","23"
"Nong Bua Lamphu","TH","34"
"Nong Khai","TH","35"
"Nonthaburi","TH","36"
"Noord-Brabant","NL","7"
"Noord-Holland","NL","8"
"Nord-Trøndelag Fylke","NO","17"
"Nordjylland","DK","3"
"Nordland Fylke","NO","18"
"Norfolk","GB","NK"
"Norrbottens Län","SE","10"
"Norte","FR","59"
"NORTE SANTANDER","CO","54"
"North Hamgyong Provi","KP","9"
"North Hwanghae Provi","KP","6"
"North Mindanao","PH","10"
"North Pyongan Provin","KP","3"
"North Sinai","EG","18"
"North Yorkshire","GB","YN"
"Northamptonshire","GB","NH"
"Northern","IL","4"
"Northern Cape","ZA","NC"
"Northland","NZ","NTL"
"Northumberland","GB","NU"
"Northwest","ZA","NW"
"Nottinghamshire","GB","NT"
"Nova Gorica","SI","33"
"Novara","IT","NO"
"Novo Mesto","SI","34"
"Nueva Escocia","CA","NS"
"Nueva Esparta","VE","NE"
"Nueva Gales del Sur","AU","NSW"
"Nueva Jersey","US","NJ"
"Nueva Loja","EC","22"
"Nueva York","US","NY"
"Nuevo León","MX","NL"
"Nuevo México","US","NM"
"Nunavut","CA","NU"
"Nuoro","IT","NU"
"Nyiregyhaza","HU","24"
"Oaxaca","MX","OAX"
"Obwalden","CH","OW"
"Ocotepeque","HN","14"
"Odes'ka","UA","ODS"
"Oeste","PT","30"
"Offaly","IE","OF"
"Ogliastra","IT","OG"
"Ohio","US","OH"
"Oise","FR","60"
"Oita","JP","44"
"Okayama","JP","33"
"Okinawa","JP","47"
"Oklahoma","US","OK"
"Olancho","HN","15"
"Olbia-Tempio","IT","OT"
"Olomoucky","CZ","71"
"Olt","RO","30"
"Ontario","CA","ON"
"Oost-Vlaanderen","BE","8"
"Opolskie","PL","OPO"
"Oppland Fylke","NO","5"
"Ordu","TR","52"
"Örebro Län","SE","20"
"Oregón","US","OR"
"Orense","ES","32"
"Orissa","IN","18"
"Oristano","IT","OR"
"Orkney","GB","OR"
"Ormoz","SI","35"
"Orne","FR","61"
"Oruro","BO","BO"
"Osaka","JP","27"
"Osjecko-baranjska ","HR","N00"
"Oslo","NO","3"
"Östergötlands Län","SE","21"
"Otago","NZ","OTA"
"Oulu","FI","6"
"Overijssel","NL","9"
"Oxfordshire","GB","OX"
"Padua","IT","PD"
"Palencia","ES","34"
"Palermo","IT","PA"
"Pando","BO","BN"
"Pará","BR","PA"
"Paraguarí","PY","10"
"Paraíba","BR","PB"
"Paraná","BR","PR"
"Pardubicky","CZ","53"
"París","FR","75"
"Parma","IT","PR"
"Pas-de-Calais","FR","62"
"Pasco","PE","15"
"Pathum Thani","TH","37"
"Pattani","TH","38"
"Pavia","IT","PV"
"Pavlodarskaia","KZ","3"
"Paysandú","UY","11"
"Pecs","HU","25"
"Pedernales","DO","20"
"Peeblesshire","GB","PE"
"Pella","GR","39"
"Pembrokeshire","GB","PM"
"Península de Setúbal","PT","32"
"Pennsylvania","US","PA"
"Peravia","DO","21"
"Pernambuco","BR","PE"
"Perthshire","GB","PR"
"Perugia","IT","PG"
"Pesaro","IT","PS"
"Pesaro-Urbino","IT","PU"
"Pescara","IT","PE"
"Pesnica","SI","36"
"Pest","HU","26"
"Petén","GT","12"
"Phangnga","TH","39"
"Phatthalung","TH","40"
"Phayao","TH","41"
"Phetchabun","TH","42"
"Phetchaburi","TH","43"
"Phichit","TH","44"
"Phitsanulok","TH","45"
"Phra Nakhon Si Ayut.","TH","46"
"Phrae","TH","47"
"Phuket","TH","48"
"Piacenza","IT","PC"
"Piauí","BR","PI"
"Pieria","GR","40"
"Pinhal Interior N.","PT","23"
"Pinhal Interior Sul","PT","24"
"Pinhal Litoral","PT","22"
"Piraievs","GR","41"
"Piran","SI","37"
"Pirineos (Altos)","FR","65"
"Pirineos atlánticos","FR","64"
"Pirineos orientales","FR","66"
"Pisa","IT","PI"
"Pistoia","IT","PT"
"Piura","PE","2"
"Plovdiv","BG","6"
"Plzensky","CZ","32"
"Podkarpackie","PL","PDK"
"Podlaskie","PL","PDL"
"Pola","IT","PL"
"Poltavs'ka","UA","POL"
"Pomorskie","PL","POM"
"Pondicherry","IN","32"
"Pontevedra","ES","36"
"Pordenone","IT","PN"
"Port Said","EG","19"
"Portland","JM","PO"
"Portoviejo","EC","14"
"Portuguesa","VE","POR"
"Postojna","SI","38"
"Potenza","IT","PZ"
"Potosi","BO","BP"
"Pozesko-slavonska ","HR","K00"
"Prachin Buri","TH","49"
"Praga","CZ","11"
"Prahova","RO","31"
"Prato","IT","PO"
"Presidente Hayes","PY","16"
"Preveza","GR","42"
"Ptuj","SI","39"
"Puebla","MX","PUE"
"Puerto Baquerizo Mor","EC","9"
"Puerto Francisco de","EC","17"
"Puerto Plata","DO","22"
"Puerto Rico","PR","PR"
"Punjab","IN","19"
"Puno","PE","21"
"Puntarenas","CR","PA"
"Pusan-jikhalsi","KR","12"
"PUTUMAYO","CO","86"
"Puy-de-Dôme","FR","63"
"Puyo","EC","18"
"Pyongyang capital ci","KP","1"
"Qalyubia","EG","20"
"Qena","EG","21"
"Qinghai","CN","280"
"Quebec","CA","QC"
"Queensland","AU","QLD"
"Querétaro","MX","QRO"
"Quetzaltenango","GT","13"
"Quiché","GT","14"
"QUINDIO","CO","63"
"Quintana Roo","MX","QR"
"Quito","EC","19"
"R#ga","LV","7"
"R#zekne","LV","6"
"R.Kabardina-Balkaria","RU","7"
"Radlje Ob Dravi","SI","40"
"Radnorshire","GB","RA"
"Radovljica","SI","41"
"Ragusa","IT","RG"
"Rajasthan","IN","20"
"Ras al-Khaimah","AE","5"
"Rason special city","KP","11"
"Rávena","IT","RA"
"Ravne Na Koroskem","SI","42"
"Red Sea","EG","22"
"Reg.Aut.da Madeira","PT","70"
"Reg.Aut.dos Açores","PT","60"
"Reggio Calabria","IT","RC"
"Reggio Emilia","IT","RE"
"Renania N.Westfalia","DE","5"
"Renania-Palatinado","DE","7"
"Renfrewshire","GB","RE"
"Rep.Bashkortostán","RU","3"
"Rep.Osetia del Norte","RU","15"
"Rep.Tier.Altas Altái","RU","2"
"República Adiguesia","RU","1"
"República Buriatia","RU","4"
"República Calmuquia","RU","8"
"República Carelia","RU","10"
"República Chechenia","RU","20"
"República Chuvashia","RU","21"
"República Daguestán","RU","5"
"República Ingushetia","RU","6"
"República Jacasia","RU","19"
"República Komi","RU","11"
"República Mari","RU","12"
"República Mordovia","RU","13"
"República Tartaria","RU","16"
"República Tuva","RU","17"
"República Udmurtia","RU","18"
"Respublika Krim","UA","KRM"
"Retalhuleu","GT","15"
"Rethimni","GR","43"
"Réunion","FR","974"
"Rhode Island","US","RI"
"Ribnica","SI","43"
"Rieti","IT","RI"
"Rijecko-goranska ","HR","H00"
"Rimini","IT","RN"
"Rin (Alto)","FR","68"
"Rin (Bajo)","FR","67"
"Rio de Janeiro","BR","RJ"
"Rio Grande do Norte","BR","RN"
"Rio Grande do Sul","BR","RS"
"Río Negro","AR","22"
"Riobamba","EC","5"
"RISARALDA","CO","66"
"Rivera","UY","13"
"Rivnens'ka","UA","RIV"
"Rize","TR","53"
"RM - Santiago","CL","13"
"Rocha","UY","14"
"Ródano","FR","69"
"Rodhopi","GR","44"
"Rogaland Fylke","NO","11"
"Roma","IT","RM"
"Rondônia","BR","RO"
"Roraima","BR","RR"
"Roscommon","IE","RC"
"Ross-shire","GB","RO"
"Rovigo","IT","RO"
"Roxburghshire","GB","RX"
"Ruse","BG","7"
"Rutland","GB","RU"
"Ryanggang Province","KP","10"
"Saboya","FR","73"
"Saboya (alta)","FR","74"
"Sacatepéquez","GT","16"
"Saga","JP","41"
"Saint Andrew","JM","SW"
"Saint Ann","JM","SA"
"Saint Brelade","JE","4"
"Saint Catherine","JM","SC"
"Saint Clement","JE","5"
"Saint Elizabeth","JM","SE"
"Saint Helier","JE","6"
"Saint James","JM","SJ"
"Saint John","JE","7"
"Saint Lawrence","JE","8"
"Saint Martin","JE","9"
"Saint Mary","JE","10"
"Saint Ouen","JE","11"
"Saint Peter","JE","12"
"Saint Saviour","JE","13"
"Saint Thomea","JM","ST"
"Saint-Pierre-et-Miq.","FR","975"
"Saitama","JP","11"
"Sajonia","DE","14"
"Sajonia-Anhalt","DE","15"
"Sakarya","TR","54"
"Salaj","RO","32"
"Salamanca","ES","37"
"Salerno","IT","SA"
"Salónica","GR","48"
"Salta","AR","9"
"Salto","UY","15"
"Salzburgo","AT","S"
"Samaná","DO","23"
"Samoa americana","US","AS"
"Samos","GR","45"
"Samsun","TR","55"
"SAN ANDRÉS","CO","88"
"San Cristóbal","DO","24"
"San José","CR","SJ"
"San José de Ocoa","DO","25"
"San Juan","AR","10"
"San Luis","AR","11"
"San Luis Potosí","MX","SLP"
"San Marcos","GT","17"
"San Martín","PE","13"
"San Miguel","SV","9"
"San Pedro","PY","3"
"San Pedro de Macorís","DO","27"
"San Salvador","SV","10"
"San Vicente","SV","11"
"Sánchez Ramírez","DO","28"
"Santa Ana","SV","12"
"Santa Bárbara","HN","16"
"Santa Catarina","BR","SC"
"Santa Cruz","AR","23"
"Santa Elena","EC","20"
"Santa Fé","AR","12"
"Santa Rosa","GT","18"
"SANTANDER","CO","68"
"Santiago","DO","29"
"Santiago del Estero","AR","13"
"Santiago Rodríguez","DO","30"
"Santo Domingo","DO","31"
"Santo Domingo de los","EC","21"
"São Paulo","BR","SP"
"Saône (Haute)","FR","70"
"Saône-et-Loire","FR","71"
"Sarthe","FR","72"
"Saskatchewan","CA","SK"
"Sassari","IT","SS"
"Satu Mare","RO","33"
"Savona","IT","SV"
"Schaffhausen","CH","SH"
"Schwyz","CH","SZ"
"Segovia","ES","40"
"Seine-et-Marne","FR","77"
"Seine-Maritime","FR","76"
"Seine-Saint-Denis","FR","93"
"Selkirkshire","GB","SF"
"Sentjur Pri Celju","SI","45"
"Sergipe","BR","SE"
"Serra da Estrela","PT","26"
"Serrai","GR","46"
"Severo-Kazakhstansk","KZ","2"
"Sevilla","ES","41"
"Sevnica","SI","46"
"Sèvres (Deux)","FR","79"
"Sezana","SI","47"
"Shaanxi","CN","250"
"Shandong","CN","120"
"Shanghai","CN","20"
"Shanliurfa","TR","63"
"Shanxi","CN","50"
"Sharjah","AE","6"
"Shetland","GB","SL"
"Shiga","JP","25"
"Shimane","JP","32"
"Shirnak","TR","73"
"Shizuoka","JP","22"
"Shropshire","GB","SH"
"Sibensko-kninska  ","HR","O00"
"Sibiu","RO","34"
"Sichuan","CN","230"
"Siena","IT","SI"
"Siirt","TR","56"
"Sikkim","IN","21"
"Sinaloa","MX","SIN"
"Singapur","SG","SG"
"Sinop","TR","57"
"Sint Michiel Liber","CW","SML"
"Siracusa","IT","SR"
"Sisacko-moslavacka ","HR","C00"
"Sivas","TR","58"
"Sjaelland","DK","4"
"Skåne Län","SE","11"
"Skofja Loka","SI","48"
"Slaskie","PL","SLS"
"Slavonskobrodska","HR","L00"
"Slesvig-Holstein","DE","1"
"Sligo","IE","SG"
"Slovenj Gradec","SI","49"
"Slovenska Bistrica","SI","50"
"Slovenske Konjice","SI","51"
"Smarje Pri Jelsah","SI","52"
"Södermanlands Län","SE","13"
"Sofía","BG","8"
"Sogn og Fjordane F.","NO","14"
"Sohag","EG","24"
"Sololá","GT","19"
"Solothurn","CH","SO"
"Somerset","GB","SO"
"Somme","FR","80"
"Somogy","HU","27"
"Sondrio","IT","SO"
"Sonora","MX","SON"
"Sonsonate","SV","13"
"Sopron","HU","28"
"Soria","ES","42"
"Soriano","UY","17"
"Soul-t´ukpyolsi","KR","13"
"South Glamorgan","GB","SG"
"South Hamgyong Provi","KP","8"
"South Hwanghae Provi","KP","5"
"South Luzon","PH","4"
"South Mindanao","PH","12"
"South Pyongan Provin","KP","2"
"South Sinai","EG","25"
"South Yorkshire","GB","YS"
"Southern","IL","5"
"Southland","NZ","STL"
"Splitsko-dalmatinska","HR","R00"
"St.Gallen","CH","SG"
"Sta.Cruz Tenerife","ES","38"
"Staffordshire","GB","ST"
"Stati Esteri","IT","EE"
"Stirlingshire","GB","SV"
"Stockholms Län","SE","12"
"Stredocesky","CZ","21"
"Stredoslovensky","SK","3"
"Suceava","RO","35"
"Suchitepéquez","GT","20"
"Sucre","CO","70"
"Suez","EG","26"
"Suffolk","GB","SK"
"Sums'ka","UA","SUM"
"Surrey","GB","SY"
"Sutherland","GB","SU"
"Swietokrzyskie","PL","SWK"
"Syddanmark","DK","5"
"Szabolcs-Szat.-Bereg","HU","29"
"Szeged","HU","30"
"Szekesfehervar","HU","31"
"Szolnok","HU","32"
"Szombathely","HU","33"
"Sør-Trøndelag Fylke","NO","16"
"Tabasco","MX","TAB"
"Tachira","VE","TAC"
"Tacna","PE","10"
"Tacuarembó","UY","18"
"Taegu-jikhalsi","KR","14"
"Taejon-jikhalsi","KR","15"
"Taiwán","TW","TWN"
"Tamaulipas","MX","TMS"
"Tâmega","PT","14"
"Tamil Nadu","IN","22"
"Taranaki","NZ","TAR"
"Taranto","IT","TA"
"Tarija","BO","BT"
"Tarn","FR","81"
"Tarn-et-Garonne","FR","82"
"Tarragona","ES","43"
"Tasmania","AU","TAS"
"Tatabanya","HU","34"
"Tekirdag","TR","59"
"Tel Aviv","IL","6"
"Telemark Fylke","NO","8"
"Teleorman","RO","36"
"Tena","EC","16"
"Tennessee","US","TN"
"Teramo","IT","TE"
"Terni","IT","TR"
"Ternopil's'ka","UA","TER"
"Terranova/Labrador","CA","NL"
"Territ.-de-Belfort","FR","90"
"Territ.Khabarovsk","RU","27"
"Territ.Krasnoyarsk","RU","24"
"Territorio Altái","RU","22"
"Territorio del Norte","AU","NT"
"Territorio Krasnodar","RU","23"
"Territorio Noreste","CA","NT"
"Territorio Primorye","RU","25"
"Territorio Stavropol","RU","26"
"Territorio Yukon","CA","YT"
"Teruel","ES","44"
"Texas","US","TX"
"Thesprotia","GR","47"
"Tianjin","CN","30"
"Ticino","CH","TI"
"Tierra de Fuego","AR","24"
"Timis","RO","37"
"Tipperary","IE","TP"
"Tirol","AT","T"
"Tlaxcala","MX","TLX"
"Tocantins","BR","TO"
"Tochigi","JP","9"
"Tokat","TR","60"
"Tokio","JP","13"
"Tokushima","JP","36"
"Toledo","ES","45"
"TOLIMA","CO","73"
"Tolmin","SI","53"
"Tolna","HU","35"
"Totonicapán","GT","21"
"Tottori","JP","31"
"Toyama","JP","16"
"Trabzon","TR","61"
"Trapani","IT","TP"
"Trbovlje","SI","54"
"Trebnje","SI","55"
"Treinta y Tres  ","UY","19"
"Trelawny","JM","TR"
"Trento","IT","TN"
"Treviso","IT","TV"
"Trieste","IT","TS"
"Trikala","GR","49"
"Trinity","JE","14"
"Tripura","IN","23"
"Troms Fylke","NO","19"
"Trujillo","VE","TRU"
"Trzic","SI","56"
"Tucumán","AR","14"
"Tulcán","EC","4"
"Tulcea","RO","38"
"Tumbes","PE","1"
"Tunceli","TR","62"
"Turgovia","CH","TG"
"Turín","IT","TO"
"Turingia","DE","16"
"Tyrone","GB","TY"
"T´ai-pei","TW","TPE"
"Ucayali","PE","23"
"Udine","IT","UD"
"Umm al-Qaiwain","AE","7"
"Unión Europea","EU","EU"
"Uppsala Län","SE","14"
"Uri","CH","UR"
"Ushak","TR","64"
"Ust-Ordinsky Buryat","RU","85"
"Ustecky","CZ","42"
"Usulutan","SV","14"
"Utah","US","UT"
"Utrecht","NL","10"
"Uttar Pradesh","IN","24"
"Uttaranchal","IN","35"
"V - Valparaiso","CL","5"
"Val-d'Oise","FR","95"
"Val-de-Marne","FR","94"
"Valais","CH","VS"
"Valencia","ES","46"
"Valladolid","ES","47"
"Valle","CO","76"
"Valmiera","LV","8"
"Valverde","DO","32"
"Van","TR","65"
"Var","FR","83"
"Varazdinska ","HR","E00"
"Varese","IT","VA"
"Vargas","VE","VAR"
"Värmlands Län","SE","15"
"Varna","BG","9"
"Vas","HU","36"
"Vaslui","RO","39"
"Västerbottens Län","SE","16"
"Västernorrlands Län","SE","17"
"Västmanlands Län","SE","18"
"Västra Götalands Län","SE","19"
"Vaucluse","FR","84"
"Vaud","CH","VD"
"VAUPES","CO","97"
"Velenje","SI","57"
"Vendée","FR","85"
"Venecia","IT","VE"
"Ventspils","LV","9"
"Veracruz","MX","VER"
"Verbania","IT","VB"
"Vercelli","IT","VC"
"Vermont","US","VT"
"Verona","IT","VR"
"Vest-Agder Fylke","NO","10"
"Vestfold Fylke","NO","7"
"Veszprem","HU","37"
"VI - Rancagua","CL","6"
"Vibo Valentia","IT","VV"
"Vicenza","IT","VI"
"VICHADA","CO","99"
"Victoria","AU","VIC"
"Viena","AT","W"
"Vienne","FR","86"
"Vienne (Haute)","FR","87"
"VII - Talca","CL","7"
"VIII - Concepción","CL","8"
"Vilcea","RO","40"
"Vinnits'ka","UA","VIN"
"Virginia","US","VA"
"Virginia Occidental","US","WV"
"Viroviticko-podravac","HR","J00"
"Viterbo","IT","VT"
"Vizcaya","ES","48"
"Voiotia","GR","50"
"Volins'ka","UA","VOL"
"Vorarlberg","AT","V"
"Vosges","FR","88"
"Vostochno-Kazakhstan","KZ","10"
"Vrancea","RO","41"
"Vrhnika","SI","58"
"Vukovarsko-srijemska","HR","P00"
"Vychodoslovensky","SK","4"
"Vysocina","CZ","61"
"Waikato","NZ","WAI"
"Wakayama","JP","30"
"Wallis-et-Futuna","FR","976"
"Warminsko-mazurskie","PL","W-M"
"Warwickshire","GB","WA"
"Washington","US","WA"
"Waterford","IE","WF"
"Wellington","NZ","WLG"
"West Coast","NZ","WEC"
"West Glamorgan","GB","WG"
"West Lothian","GB","WK"
"West Mindanao","PH","9"
"West Sussex","GB","SW"
"West Visayas","PH","6"
"West Yorkshire","GB","YW"
"West-Vlaanderen","BE","9"
"Western Cape","ZA","WC"
"Westmeath","IE","WM"
"Westmoreland","JM","WT"
"Westmorland","GB","WE"
"Wexford","IE","WX"
"Wickow","IE","WK"
"Wielkopolskie","PL","WLK"
"Wigtownshire","GB","WT"
"Willemstad","CW","WLL"
"Wiltshire","GB","WI"
"Wisconsin","US","WI"
"Worcestershire","GB","WC"
"Wyoming","US","WY"
"X - Puerto Montt","CL","10"
"Xanthi","GR","51"
"XI - Coyhaique","CL","11"
"XII - Punta Arenas","CL","12"
"Xinjiang","CN","290"
"Xizang","CN","300"
"Yakutiya-Saha Rrepub","RU","14"
"Yalova","TR","77"
"Yamagata","JP","6"
"Yamaguchi","JP","35"
"Yamanashi","JP","19"
"Yaracuy","VE","YAR"
"Yonne","FR","89"
"Yoro","HN","18"
"Yozgat","TR","66"
"Yucatán","MX","YUC"
"Yunnan","CN","240"
"Yvelines","FR","78"
"Zacapa","GT","22"
"Zacatecas","MX","ZAC"
"Zachodnio-Pomorskie","PL","Z-P"
"Zadarska ","HR","M00"
"Zagorje Ob Savi","SI","59"
"Zagreb ciudad ","HR","V00"
"Zagrebacka","HR","A00"
"Zakarpats'ka","UA","ZAK"
"Zakinthos","GR","52"
"Zala","HU","38"
"Zalaegerszeg","HU","39"
"Zalec","SI","60"
"Zamora","EC","24"
"Zapadno-Kazakhst","KZ","7"
"Zapadoslovensky","SK","2"
"Zaporiz'ka","UA","ZAP"
"Zara","IT","ZA"
"Zaragoza","ES","50"
"Zeeland","NL","11"
"Zhejiang","CN","130"
"Zhitomirs'ka","UA","ZHI"
"Zlinsky","CZ","72"
"Zonguldak","TR","67"
"Zug","CH","ZG"
"Zuid-Holland","NL","12"
"Zulia","VE","ZUL"
"Zúrich","CH","ZH"
"Østfold Fylke","NO","1"
